Month,MinTemp,MaxTemp
1,12.723225806451614,22.368387096774192
2,12.357142857142858,21.964285714285715
